sig_chisq,sig_fisher
1.6540153843217805e-6,2.5186821473848086e-6
