sig_chisq,sig_fisher
1.6540153843217805e-6,2.51868214738481e-6
