genero,edad,sesiones_terapia,actividad_fisica,horas_sueno
Masculino,47.421052631578945,40.23684210526316,6.131578947368421,8.394736842105264
NoBinario,40.75,67.25,6,8.25
Femenino,43.29268292682927,40.8780487804878,5.7560975609756095,8.682926829268293
