sig_chisq,sig_fisher
0.4305757221733315,0.44623560000894785
